Comment,Designator,Footprint,LCSC Part #
4.7µF,"C1,C7",Capacitor_SMD:C_0805_2012Metric_Pad1.18x1.45mm_HandSolder,C7472969
1µF,"C3,C4",Capacitor_SMD:C_0805_2012Metric_Pad1.18x1.45mm_HandSolder,C6641028
100nF,"C5,C9,C11",Capacitor_SMD:C_0805_2012Metric_Pad1.18x1.45mm_HandSolder,C7503487
220pF,C6,Capacitor_SMD:C_0805_2012Metric_Pad1.18x1.45mm_HandSolder,C7393918
10µF,"C8,C10",Capacitor_SMD:C_0805_2012Metric_Pad1.18x1.45mm_HandSolder,C16194907
1N5819,D1,Diode_SMD:D_SOD-123,C6562211
USR,D2,LED_SMD:LED_0805_2012Metric_Pad1.15x1.40mm_HandSolder,C7496834
PWR,D3,LED_SMD:LED_0805_2012Metric_Pad1.15x1.40mm_HandSolder,C7496834
220ΩZ,FB1,Inductor_SMD:L_0805_2012Metric_Pad1.15x1.40mm_HandSolder,C6750922
USB_C_Receptacle_USB2.0,J1,Connector_USB:USB_C_Receptacle_HRO_TYPE-C-31-M-12,
UART,J2,Connector_JST:JST_SH_SM04B-SRSS-TB_1x04-1MP_P1.00mm_Horizontal,
I2C,J3,Connector_JST:JST_SH_SM04B-SRSS-TB_1x04-1MP_P1.00mm_Horizontal,
PWM Fan,"J4,J5",Connector:FanPinHeader_1x04_P2.54mm_Vertical,C7501262
Bootloader,JP1,Button_Switch_SMD:SW_SPST_PTS810,
10µH,L1,Inductor_SMD:L_Bourns_SRN6045TA,C17236259
113kΩ,R1,Resistor_SMD:R_0805_2012Metric_Pad1.20x1.40mm_HandSolder,
13kΩ,R2,Resistor_SMD:R_0805_2012Metric_Pad1.20x1.40mm_HandSolder,
10kΩ,"R3,R6,R7,R8",Resistor_SMD:R_0805_2012Metric_Pad1.20x1.40mm_HandSolder,C7468432
5.1kΩ,"R4,R5",Resistor_SMD:R_0805_2012Metric_Pad1.20x1.40mm_HandSolder,C7471596
660Ω,R9,Resistor_SMD:R_0805_2012Metric_Pad1.20x1.40mm_HandSolder,
2.2kΩ,R10,Resistor_SMD:R_0805_2012Metric_Pad1.20x1.40mm_HandSolder,C7471245
Reset,SW1,Button_Switch_SMD:SW_SPST_PTS810,
LMR62014XMF,U1,Package_TO_SOT_SMD:SOT-23-5,
MIC5504-3.3YM5,U2,Package_TO_SOT_SMD:SOT-23-5,
USBLC6-4SC6,U3,Package_TO_SOT_SMD:SOT-23-6,C6807798
ESP32-C3-WROOM-02,U4,RF_Module:ESP-WROOM-02,
