Designator,Mid X,Mid Y,Layer,Rotation
C1,173.5500,-58.3000,Top,270.0000
C3,133.0125,-58.4500,Top,90.0000
C4,133.0125,-54.6125,Top,90.0000
C5,168.0000,-64.3500,Top,90.0000
C7,166.0000,-64.3500,Top,90.0000
C8,171.3000,-52.7000,Top,0.0000
C9,138.3000,-61.4000,Top,0.0000
C10,163.2000,-59.2000,Top,90.0000
C11,135.0125,-54.6125,Top,270.0000
C12,158.0000,-83.0000,Top,0.0000
C13,150.0000,-79.0000,Top,0.0000
C14,155.0000,-79.0000,Top,0.0000
C15,160.0000,-79.0000,Top,0.0000
D2,152.3000,-71.6000,Top,0.0000
D3,167.2250,-53.1500,Top,0.0000
D4,179.0000,-58.4000,Top,90.0000
FB1,170.9000,-63.3000,Top,180.0000
J1,179.4500,-67.4500,Top,270.0000
J2,164.3000,-71.3000,Top,0.0000
J3,136.1000,-71.3000,Top,0.0000
JP1,143.5000,-72.5000,Top,180.0000
L2,172.0000,-79.0000,Top,90.0000
R3,167.0000,-60.9500,Top,180.0000
R6,161.2000,-59.2000,Top,90.0000
R7,134.4500,-61.4000,Top,0.0000
R8,139.6000,-58.3500,Top,90.0000
R9,148.5000,-71.6000,Top,180.0000
R10,167.2250,-51.1500,Top,0.0000
R11,133.0000,-83.0000,Top,0.0000
R12,138.0000,-83.0000,Top,0.0000
R13,143.0000,-83.0000,Top,0.0000
R14,148.0000,-83.0000,Top,0.0000
R15,153.0000,-83.0000,Top,0.0000
R16,130.0000,-88.0000,Top,0.0000
SW1,157.3000,-72.5000,Top,180.0000
U3,170.7500,-68.4625,Top,180.0000
U4,150.4000,-63.2000,Top,0.0000
U5,133.0000,-79.0000,Top,270.0000
U6,143.0000,-79.0000,Top,270.0000
