"Designator","Comment","Footprint","MPN","Manufacturer"
"A1","2022","ansemjo:ahoi","",""
"C1,C7","4.7µF","Capacitor_SMD:C_0805_2012Metric_Pad1.18x1.45mm_HandSolder","",""
"C3,C4","1µF","Capacitor_SMD:C_0805_2012Metric_Pad1.18x1.45mm_HandSolder","",""
"C5,C9,C11","100nF","Capacitor_SMD:C_0805_2012Metric_Pad1.18x1.45mm_HandSolder","",""
"C6","220pF","Capacitor_SMD:C_0805_2012Metric_Pad1.18x1.45mm_HandSolder","",""
"C8,C10","10µF","Capacitor_SMD:C_0805_2012Metric_Pad1.18x1.45mm_HandSolder","",""
"D1","1N5819","Diode_SMD:D_SOD-123","",""
"D2","USR","LED_SMD:LED_0805_2012Metric_Pad1.15x1.40mm_HandSolder","",""
"D3","PWR","LED_SMD:LED_0805_2012Metric_Pad1.15x1.40mm_HandSolder","",""
"FB1","220ΩZ","Inductor_SMD:L_0805_2012Metric_Pad1.15x1.40mm_HandSolder","",""
"J1","USB_C_Receptacle_USB2.0","Connector_USB:USB_C_Receptacle_HRO_TYPE-C-31-M-12","",""
"J2","UART","Connector_JST:JST_SH_SM04B-SRSS-TB_1x04-1MP_P1.00mm_Horizontal","",""
"J3","I2C","Connector_JST:JST_SH_SM04B-SRSS-TB_1x04-1MP_P1.00mm_Horizontal","",""
"J4,J5","PWM Fan","Connector:FanPinHeader_1x04_P2.54mm_Vertical","",""
"JP1","Bootloader","Button_Switch_SMD:SW_SPST_PTS810","",""
"L1","10µH","Inductor_SMD:L_Bourns_SRN6045TA","",""
"R1","113kΩ","Resistor_SMD:R_0805_2012Metric_Pad1.20x1.40mm_HandSolder","",""
"R2","13kΩ","Resistor_SMD:R_0805_2012Metric_Pad1.20x1.40mm_HandSolder","",""
"R3,R6,R7,R8","10kΩ","Resistor_SMD:R_0805_2012Metric_Pad1.20x1.40mm_HandSolder","",""
"R4,R5","5.1kΩ","Resistor_SMD:R_0805_2012Metric_Pad1.20x1.40mm_HandSolder","",""
"R9","660Ω","Resistor_SMD:R_0805_2012Metric_Pad1.20x1.40mm_HandSolder","",""
"R10","2.2kΩ","Resistor_SMD:R_0805_2012Metric_Pad1.20x1.40mm_HandSolder","",""
"SW1","Reset","Button_Switch_SMD:SW_SPST_PTS810","",""
"TP1,TP2,TP3,TP4","Test","TestPoint:TestPoint_THTPad_D1.5mm_Drill0.7mm","",""
"U1","LMR62014XMF","Package_TO_SOT_SMD:SOT-23-5","",""
"U2","MIC5504-3.3YM5","Package_TO_SOT_SMD:SOT-23-5","",""
"U3","USBLC6-4SC6","Package_TO_SOT_SMD:SOT-23-6","USBLC6-4SC6","ST Microelectronic"
"U4","ESP32-C3-WROOM-02","RF_Module:ESP-WROOM-02","",""
