Ref,Val,Package,PosX,PosY,Rot,Side
"C1","4.7µF","C_0805_2012Metric_Pad1.18x1.45mm_HandSolder",173.550000,-58.300000,-90.000000,top
"C3","1µF","C_0805_2012Metric_Pad1.18x1.45mm_HandSolder",133.012500,-58.450000,90.000000,top
"C4","1µF","C_0805_2012Metric_Pad1.18x1.45mm_HandSolder",133.012500,-54.612500,90.000000,top
"C5","100nF","C_0805_2012Metric_Pad1.18x1.45mm_HandSolder",168.000000,-64.350000,90.000000,top
"C6","220pF","C_0805_2012Metric_Pad1.18x1.45mm_HandSolder",168.050000,-56.050000,-90.000000,top
"C7","4.7µF","C_0805_2012Metric_Pad1.18x1.45mm_HandSolder",166.000000,-64.350000,90.000000,top
"C8","10µF","C_0805_2012Metric_Pad1.18x1.45mm_HandSolder",171.300000,-52.700000,0.000000,top
"C9","100nF","C_0805_2012Metric_Pad1.18x1.45mm_HandSolder",138.300000,-61.400000,0.000000,top
"C10","10µF","C_0805_2012Metric_Pad1.18x1.45mm_HandSolder",163.200000,-59.200000,90.000000,top
"C11","100nF","C_0805_2012Metric_Pad1.18x1.45mm_HandSolder",135.012500,-54.612500,-90.000000,top
"D1","1N5819","D_SOD-123",171.550000,-54.950000,0.000000,top
"D2","USR","LED_0805_2012Metric_Pad1.15x1.40mm_HandSolder",152.300000,-71.600000,0.000000,top
"D3","PWR","LED_0805_2012Metric_Pad1.15x1.40mm_HandSolder",167.225000,-53.150000,0.000000,top
"FB1","220ΩZ","L_0805_2012Metric_Pad1.15x1.40mm_HandSolder",170.900000,-63.300000,180.000000,top
"J1","USB_C_Receptacle_USB2.0","USB_C_Receptacle_HRO_TYPE-C-31-M-12",179.450000,-67.450000,90.000000,top
"J2","UART","JST_SH_SM04B-SRSS-TB_1x04-1MP_P1.00mm_Horizontal",164.300000,-71.300000,0.000000,top
"J3","I2C","JST_SH_SM04B-SRSS-TB_1x04-1MP_P1.00mm_Horizontal",136.100000,-71.300000,0.000000,top
"J4","PWM Fan","FanPinHeader_1x04_P2.54mm_Vertical",127.900000,-60.300000,90.000000,top
"J5","PWM Fan","FanPinHeader_1x04_P2.54mm_Vertical",127.900000,-72.200000,90.000000,top
"JP1","Bootloader","SW_SPST_PTS810",143.500000,-72.500000,180.000000,top
"L1","10µH","L_Bourns_SRN6045TA",177.800000,-56.950000,90.000000,top
"R1","113kΩ","R_0805_2012Metric_Pad1.20x1.40mm_HandSolder",166.050000,-56.050000,-90.000000,top
"R2","13kΩ","R_0805_2012Metric_Pad1.20x1.40mm_HandSolder",167.000000,-59.000000,0.000000,top
"R3","10kΩ","R_0805_2012Metric_Pad1.20x1.40mm_HandSolder",167.000000,-60.950000,180.000000,top
"R4","5.1kΩ","R_0805_2012Metric_Pad1.20x1.40mm_HandSolder",170.900000,-71.512500,180.000000,top
"R5","5.1kΩ","R_0805_2012Metric_Pad1.20x1.40mm_HandSolder",170.900000,-65.462500,0.000000,top
"R6","10kΩ","R_0805_2012Metric_Pad1.20x1.40mm_HandSolder",161.200000,-59.200000,90.000000,top
"R7","10kΩ","R_0805_2012Metric_Pad1.20x1.40mm_HandSolder",134.450000,-61.400000,0.000000,top
"R8","10kΩ","R_0805_2012Metric_Pad1.20x1.40mm_HandSolder",139.600000,-58.350000,90.000000,top
"R9","660Ω","R_0805_2012Metric_Pad1.20x1.40mm_HandSolder",148.500000,-71.600000,180.000000,top
"R10","2.2kΩ","R_0805_2012Metric_Pad1.20x1.40mm_HandSolder",167.225000,-51.150000,0.000000,top
"SW1","Reset","SW_SPST_PTS810",157.300000,-72.500000,180.000000,top
"U1","LMR62014XMF","SOT-23-5",170.800000,-58.200000,-90.000000,top
"U2","MIC5504-3.3YM5","SOT-23-5",136.100000,-58.250000,0.000000,top
"U3","USBLC6-4SC6","SOT-23-6",170.750000,-68.462500,-90.000000,top
"U4","ESP32-C3-WROOM-02","ESP-WROOM-02",150.400000,-63.200000,0.000000,top
